"year","age","sex","maritl","race","education","region","jobclass","health","health_ins","logwage","wage"
2006,18,"1. Male","1. Never Married","1. White","1. < HS Grad","2. Middle Atlantic","1. Industrial","1. <=Good","2. No",4.31806333496276,75.0431540173515
2004,24,"1. Male","1. Never Married","1. White","4. College Grad","2. Middle Atlantic","2. Information","2. >=Very Good","2. No",4.25527250510331,70.4760196469445
2003,45,"1. Male","2. Married","1. White","3. Some College","2. Middle Atlantic","1. Industrial","1. <=Good","1. Yes",4.8750612633917,130.982177377461
2003,43,"1. Male","2. Married","3. Asian","4. College Grad","2. Middle Atlantic","2. Information","2. >=Very Good","1. Yes",5.04139268515823,154.68529299563
2005,50,"1. Male","4. Divorced","1. White","2. HS Grad","2. Middle Atlantic","2. Information","1. <=Good","1. Yes",4.31806333496276,75.0431540173515
2008,54,"1. Male","2. Married","1. White","4. College Grad","2. Middle Atlantic","2. Information","2. >=Very Good","1. Yes",4.84509804001426,127.115743812184
2009,44,"1. Male","2. Married","4. Other","3. Some College","2. Middle Atlantic","1. Industrial","2. >=Very Good","1. Yes",5.13302127864665,169.528538036679
2008,30,"1. Male","1. Never Married","3. Asian","3. Some College","2. Middle Atlantic","2. Information","1. <=Good","1. Yes",4.7160033436348,111.720849360989
2006,41,"1. Male","1. Never Married","2. Black","3. Some College","2. Middle Atlantic","2. Information","2. >=Very Good","1. Yes",4.77815125038364,118.884359339886
2004,52,"1. Male","2. Married","1. White","2. HS Grad","2. Middle Atlantic","2. Information","2. >=Very Good","1. Yes",4.85733249643127,128.680488220624
2007,45,"1. Male","4. Divorced","1. White","3. Some College","2. Middle Atlantic","2. Information","1. <=Good","1. Yes",4.76342799356294,117.146816914805
2007,34,"1. Male","2. Married","1. White","2. HS Grad","2. Middle Atlantic","1. Industrial","2. >=Very Good","2. No",4.39794000867204,81.2832532842527
2005,35,"1. Male","1. Never Married","1. White","2. HS Grad","2. Middle Atlantic","2. Information","2. >=Very Good","1. Yes",4.49415459401844,89.4924795180001
2003,39,"1. Male","2. Married","1. White","4. College Grad","2. Middle Atlantic","1. Industrial","2. >=Very Good","1. Yes",4.90308998699194,134.705375118879
2009,54,"1. Male","2. Married","1. White","2. HS Grad","2. Middle Atlantic","2. Information","2. >=Very Good","1. Yes",4.90308998699194,134.705375118879
2009,51,"1. Male","2. Married","1. White","3. Some College","2. Middle Atlantic","1. Industrial","2. >=Very Good","1. Yes",4.50514997831991,90.4819133566401
2003,37,"1. Male","1. Never Married","3. Asian","4. College Grad","2. Middle Atlantic","1. Industrial","2. >=Very Good","2. No",4.41497334797082,82.6796372966372
2006,50,"1. Male","2. Married","1. White","5. Advanced Degree","2. Middle Atlantic","2. Information","2. >=Very Good","2. No",5.36055176170483,212.842352315711
2007,56,"1. Male","2. Married","1. White","4. College Grad","2. Middle Atlantic","1. Industrial","1. <=Good","1. Yes",4.86102634169657,129.156693004704
2003,37,"1. Male","1. Never Married","1. White","3. Some College","2. Middle Atlantic","1. Industrial","2. >=Very Good","1. Yes",4.5910646070265,98.5993438603892
2003,38,"1. Male","2. Married","3. Asian","4. College Grad","2. Middle Atlantic","2. Information","2. >=Very Good","2. No",5.30102999566398,200.543262324662
2005,40,"1. Male","4. Divorced","1. White","2. HS Grad","2. Middle Atlantic","2. Information","2. >=Very Good","2. No",3.92012332629072,50.406660861266
2009,75,"1. Male","2. Married","1. White","4. College Grad","2. Middle Atlantic","1. Industrial","2. >=Very Good","1. Yes",4.44715803134222,85.3839403789827
2007,40,"1. Male","2. Married","1. White","4. College Grad","2. Middle Atlantic","2. Information","2. >=Very Good","2. No",5.07918124604763,160.642475408263
2006,38,"1. Male","1. Never Married","1. White","2. HS Grad","2. Middle Atlantic","1. Industrial","1. <=Good","2. No",4.54406804435028,94.0727147457005
2005,49,"1. Male","2. Married","1. White","5. Advanced Degree","2. Middle Atlantic","2. Information","2. >=Very Good","1. Yes",5.62618633492728,277.601417511009
2006,43,"1. Male","2. Married","1. White","2. HS Grad","2. Middle Atlantic","1. Industrial","1. <=Good","1. Yes",4.43136376415899,84.0459576539924
2004,34,"1. Male","2. Married","4. Other","2. HS Grad","2. Middle Atlantic","1. Industrial","1. <=Good","1. Yes",4.17609125905568,65.1108537153447
2008,57,"1. Male","2. Married","1. White","2. HS Grad","2. Middle Atlantic","1. Industrial","2. >=Very Good","2. No",4.75587485567249,116.265324062503
2003,18,"1. Male","1. Never Married","2. Black","2. HS Grad","2. Middle Atlantic","1. Industrial","2. >=Very Good","1. Yes",4.25527250510331,70.4760196469445
2004,55,"1. Male","2. Married","1. White","5. Advanced Degree","2. Middle Atlantic","2. Information","2. >=Very Good","1. Yes",5.27646180417324,195.676307990453
2005,51,"1. Male","2. Married","1. White","3. Some College","2. Middle Atlantic","2. Information","2. >=Very Good","1. Yes",4.61909333062674,101.402052302992
2008,33,"1. Male","1. Never Married","1. White","5. Advanced Degree","2. Middle Atlantic","1. Industrial","2. >=Very Good","2. No",4.39794000867204,81.2832532842527
2005,34,"1. Male","1. Never Married","1. White","2. HS Grad","2. Middle Atlantic","1. Industrial","2. >=Very Good","2. No",4.7160033436348,111.720849360989
2006,36,"1. Male","2. Married","1. White","4. College Grad","2. Middle Atlantic","2. Information","2. >=Very Good","1. Yes",4.49847596780109,89.8800467811106
2003,56,"1. Male","1. Never Married","1. White","5. Advanced Degree","2. Middle Atlantic","2. Information","1. <=Good","1. Yes",4.47712125471966,87.9810327856054
2006,70,"1. Male","1. Never Married","1. White","4. College Grad","2. Middle Atlantic","1. Industrial","1. <=Good","1. Yes",4.47712125471966,87.9810327856054
2004,25,"1. Male","1. Never Married","1. White","4. College Grad","2. Middle Atlantic","1. Industrial","2. >=Very Good","1. Yes",4.64345267648619,103.90247060316
2006,32,"1. Male","2. Married","1. White","3. Some College","2. Middle Atlantic","1. Industrial","2. >=Very Good","2. No",4.66275783168157,105.927810775063
2003,27,"1. Male","2. Married","1. White","1. < HS Grad","2. Middle Atlantic","1. Industrial","2. >=Very Good","2. No",4.19312459835446,66.2294082943902
2004,28,"1. Male","2. Married","3. Asian","4. College Grad","2. Middle Atlantic","1. Industrial","2. >=Very Good","2. No",3.54406804435028,34.6074177301288
2007,27,"1. Male","1. Never Married","1. White","4. College Grad","2. Middle Atlantic","2. Information","2. >=Very Good","1. Yes",4.69897000433602,109.833985642199
2004,43,"1. Male","1. Never Married","1. White","1. < HS Grad","2. Middle Atlantic","1. Industrial","1. <=Good","2. No",3.81291335664286,45.282169994022
2005,50,"1. Male","1. Never Married","4. Other","1. < HS Grad","2. Middle Atlantic","1. Industrial","1. <=Good","1. Yes",4.30102999566398,73.7757432746946
2004,39,"1. Male","2. Married","2. Black","2. HS Grad","2. Middle Atlantic","2. Information","2. >=Very Good","2. No",4.39794000867204,81.2832532842527
2008,52,"1. Male","2. Married","1. White","5. Advanced Degree","2. Middle Atlantic","1. Industrial","2. >=Very Good","1. Yes",5.04139268515823,154.68529299563
2009,35,"1. Male","2. Married","1. White","4. College Grad","2. Middle Atlantic","1. Industrial","2. >=Very Good","1. Yes",5.59061783348625,267.901086855275
2007,57,"1. Male","2. Married","1. White","5. Advanced Degree","2. Middle Atlantic","2. Information","2. >=Very Good","1. Yes",5.17609125905568,176.989650489877
2006,25,"1. Male","1. Never Married","1. White","1. < HS Grad","2. Middle Atlantic","1. Industrial","2. >=Very Good","2. No",4.19312459835446,66.2294082943902
2006,33,"1. Male","1. Never Married","1. White","2. HS Grad","2. Middle Atlantic","2. Information","1. <=Good","1. Yes",4.75587485567249,116.265324062503
2005,57,"1. Male","2. Married","1. White","5. Advanced Degree","2. Middle Atlantic","2. Information","2. >=Very Good","2. No",5.30102999566398,200.543262324662
2008,71,"1. Male","2. Married","1. White","3. Some College","2. Middle Atlantic","1. Industrial","2. >=Very Good","1. Yes",4.6232492903979,101.82435207568
2004,43,"1. Male","2. Married","1. White","4. College Grad","2. Middle Atlantic","1. Industrial","2. >=Very Good","1. Yes",5.60688524128857,272.294783220064
2003,23,"1. Male","1. Never Married","1. White","3. Some College","2. Middle Atlantic","1. Industrial","2. >=Very Good","2. No",3.55630250076729,35.0334213214995
2009,30,"1. Male","1. Never Married","1. White","5. Advanced Degree","2. Middle Atlantic","2. Information","2. >=Very Good","1. Yes",4.74036268949424,114.475713290347
2004,22,"1. Male","1. Never Married","2. Black","2. HS Grad","2. Middle Atlantic","2. Information","2. >=Very Good","1. Yes",4.39794000867204,81.2832532842527
2006,59,"1. Male","2. Married","1. White","5. Advanced Degree","2. Middle Atlantic","2. Information","1. <=Good","1. Yes",5.30102999566398,200.543262324662
2003,28,"1. Male","1. Never Married","3. Asian","4. College Grad","2. Middle Atlantic","2. Information","2. >=Very Good","1. Yes",5,148.413159102577
2004,61,"1. Male","2. Married","1. White","2. HS Grad","2. Middle Atlantic","1. Industrial","2. >=Very Good","1. Yes",4.60205999132796,99.6894636984864
2003,34,"1. Male","2. Married","1. White","2. HS Grad","2. Middle Atlantic","2. Information","2. >=Very Good","1. Yes",4.7160033436348,111.720849360989
2005,43,"1. Male","2. Married","1. White","4. College Grad","2. Middle Atlantic","1. Industrial","2. >=Very Good","1. Yes",5.02938377768521,152.838800991182
2006,54,"1. Male","2. Married","1. White","3. Some College","2. Middle Atlantic","1. Industrial","2. >=Very Good","2. No",4.76342799356294,117.146816914805
2005,69,"1. Male","2. Married","1. White","2. HS Grad","2. Middle Atlantic","1. Industrial","1. <=Good","1. Yes",4.3533390953113,77.7376033039781
2004,41,"1. Male","2. Married","1. White","3. Some College","2. Middle Atlantic","1. Industrial","1. <=Good","1. Yes",4.47712125471966,87.9810327856054
2003,48,"1. Male","2. Married","1. White","5. Advanced Degree","2. Middle Atlantic","2. Information","2. >=Very Good","1. Yes",4.83250891270624,125.525498433836
2003,49,"1. Male","2. Married","1. White","3. Some College","2. Middle Atlantic","2. Information","2. >=Very Good","1. Yes",4.81491318127507,123.336103962059
2009,42,"1. Male","2. Married","1. White","2. HS Grad","2. Middle Atlantic","1. Industrial","2. >=Very Good","1. Yes",5.06445798922692,158.294621427791
2003,37,"1. Male","2. Married","1. White","4. College Grad","2. Middle Atlantic","2. Information","2. >=Very Good","1. Yes",5.30102999566398,200.543262324662
2004,55,"1. Male","2. Married","3. Asian","2. HS Grad","2. Middle Atlantic","1. Industrial","2. >=Very Good","1. Yes",4.60205999132796,99.6894636984864
2008,21,"1. Male","1. Never Married","2. Black","2. HS Grad","2. Middle Atlantic","1. Industrial","2. >=Very Good","2. No",4.25527250510331,70.4760196469445
2004,58,"1. Male","2. Married","1. White","2. HS Grad","2. Middle Atlantic","2. Information","2. >=Very Good","1. Yes",4.54406804435028,94.0727147457005
2006,31,"1. Male","1. Never Married","1. White","2. HS Grad","2. Middle Atlantic","1. Industrial","2. >=Very Good","2. No",4.39794000867204,81.2832532842527
2006,25,"1. Male","1. Never Married","1. White","2. HS Grad","2. Middle Atlantic","1. Industrial","2. >=Very Good","1. Yes",4.39794000867204,81.2832532842527
2006,32,"1. Male","1. Never Married","1. White","3. Some College","2. Middle Atlantic","2. Information","2. >=Very Good","1. Yes",4.61278385671974,100.764272842107
2009,40,"1. Male","1. Never Married","2. Black","1. < HS Grad","2. Middle Atlantic","2. Information","2. >=Very Good","1. Yes",4.54406804435028,94.0727147457005
2003,44,"1. Male","2. Married","1. White","5. Advanced Degree","2. Middle Atlantic","2. Information","2. >=Very Good","2. No",4.60205999132796,99.6894636984864
2003,60,"1. Male","2. Married","1. White","4. College Grad","2. Middle Atlantic","1. Industrial","2. >=Very Good","1. Yes",5.59198011410292,268.266292012557
2006,23,"1. Male","1. Never Married","1. White","1. < HS Grad","2. Middle Atlantic","1. Industrial","1. <=Good","1. Yes",4.39794000867204,81.2832532842527
2003,63,"1. Male","2. Married","1. White","2. HS Grad","2. Middle Atlantic","2. Information","2. >=Very Good","2. No",4.73239375982297,113.567089569751
2008,44,"1. Male","1. Never Married","1. White","1. < HS Grad","2. Middle Atlantic","1. Industrial","1. <=Good","2. No",4.47712125471966,87.9810327856054
2005,47,"1. Male","2. Married","3. Asian","5. Advanced Degree","2. Middle Atlantic","2. Information","1. <=Good","1. Yes",4.85733249643127,128.680488220624
2004,61,"1. Male","2. Married","1. White","3. Some College","2. Middle Atlantic","1. Industrial","2. >=Very Good","1. Yes",4.67024585307412,106.723977625299
2009,55,"1. Male","2. Married","1. White","5. Advanced Degree","2. Middle Atlantic","2. Information","2. >=Very Good","2. No",4.19033169817029,66.0446942318056
2003,24,"1. Male","1. Never Married","1. White","1. < HS Grad","2. Middle Atlantic","1. Industrial","1. <=Good","2. No",3.94200805302231,51.521956314716
2007,42,"1. Male","3. Widowed","1. White","2. HS Grad","2. Middle Atlantic","1. Industrial","2. >=Very Good","1. Yes",4.44715803134222,85.3839403789827
2006,25,"1. Male","2. Married","1. White","2. HS Grad","2. Middle Atlantic","2. Information","2. >=Very Good","1. Yes",4.34242268082221,76.8936025176112
2004,34,"1. Male","4. Divorced","1. White","2. HS Grad","2. Middle Atlantic","1. Industrial","2. >=Very Good","2. No",4.50514997831991,90.4819133566401
2009,53,"1. Male","2. Married","1. White","1. < HS Grad","2. Middle Atlantic","2. Information","2. >=Very Good","2. No",4.22063101944809,68.0764282889521
2009,53,"1. Male","2. Married","1. White","4. College Grad","2. Middle Atlantic","2. Information","2. >=Very Good","1. Yes",4.8750612633917,130.982177377461
2009,70,"1. Male","2. Married","3. Asian","5. Advanced Degree","2. Middle Atlantic","2. Information","1. <=Good","2. No",4.85125834871908,127.901232979118
2004,47,"1. Male","2. Married","1. White","4. College Grad","2. Middle Atlantic","2. Information","2. >=Very Good","1. Yes",4.87691031134463,131.224593755096
2003,46,"1. Male","2. Married","1. White","2. HS Grad","2. Middle Atlantic","1. Industrial","2. >=Very Good","1. Yes",4.60205999132796,99.6894636984864
2003,33,"1. Male","4. Divorced","1. White","1. < HS Grad","2. Middle Atlantic","1. Industrial","1. <=Good","1. Yes",4.34242268082221,76.8936025176112
2005,34,"1. Male","2. Married","1. White","5. Advanced Degree","2. Middle Atlantic","2. Information","2. >=Very Good","1. Yes",4.68124123737559,107.903923866876
2006,22,"1. Male","1. Never Married","1. White","2. HS Grad","2. Middle Atlantic","1. Industrial","1. <=Good","2. No",4.39794000867204,81.2832532842527
2009,74,"1. Male","2. Married","1. White","2. HS Grad","2. Middle Atlantic","1. Industrial","2. >=Very Good","1. Yes",4.60205999132796,99.6894636984864
2003,40,"1. Male","2. Married","2. Black","3. Some College","2. Middle Atlantic","2. Information","1. <=Good","1. Yes",4.5910646070265,98.5993438603892
2006,45,"1. Male","2. Married","1. White","4. College Grad","2. Middle Atlantic","2. Information","2. >=Very Good","1. Yes",5.30102999566398,200.543262324662
2009,43,"1. Male","2. Married","3. Asian","4. College Grad","2. Middle Atlantic","2. Information","2. >=Very Good","1. Yes",5.05307844348342,156.503510882633
2005,33,"1. Male","2. Married","3. Asian","4. College Grad","2. Middle Atlantic","2. Information","2. >=Very Good","1. Yes",4.97634997900327,144.944364980516
2009,62,"1. Male","2. Married","2. Black","4. College Grad","2. Middle Atlantic","2. Information","2. >=Very Good","1. Yes",4.77815125038364,118.884359339886
2008,37,"1. Male","2. Married","1. White","4. College Grad","2. Middle Atlantic","2. Information","2. >=Very Good","1. Yes",4.79934054945358,121.430313822622
2004,54,"1. Male","2. Married","1. White","2. HS Grad","2. Middle Atlantic","2. Information","1. <=Good","1. Yes",4.7160033436348,111.720849360989
2005,34,"1. Male","2. Married","1. White","3. Some College","2. Middle Atlantic","1. Industrial","2. >=Very Good","2. No",4.23044892137827,68.7480877337669
2008,50,"1. Male","1. Never Married","1. White","4. College Grad","2. Middle Atlantic","2. Information","2. >=Very Good","1. Yes",4.74036268949424,114.475713290347
2006,46,"1. Male","4. Divorced","1. White","3. Some College","2. Middle Atlantic","1. Industrial","1. <=Good","1. Yes",4.55630250076729,95.2307125669819
2007,41,"1. Male","2. Married","1. White","1. < HS Grad","2. Middle Atlantic","1. Industrial","2. >=Very Good","2. No",4.47712125471966,87.9810327856054
2003,63,"1. Male","4. Divorced","2. Black","3. Some College","2. Middle Atlantic","1. Industrial","1. <=Good","1. Yes",4.16316137497702,64.2743972206327
2007,38,"1. Male","2. Married","1. White","3. Some College","2. Middle Atlantic","1. Industrial","1. <=Good","1. Yes",4.85733249643127,128.680488220624
2006,35,"1. Male","2. Married","1. White","3. Some College","2. Middle Atlantic","1. Industrial","2. >=Very Good","1. Yes",4.74036268949424,114.475713290347
2009,29,"1. Male","2. Married","1. White","4. College Grad","2. Middle Atlantic","2. Information","1. <=Good","1. Yes",4.72427586960079,112.6488963421
2008,66,"1. Male","2. Married","1. White","1. < HS Grad","2. Middle Atlantic","1. Industrial","2. >=Very Good","1. Yes",4.39794000867204,81.2832532842527
2004,37,"1. Male","2. Married","1. White","2. HS Grad","2. Middle Atlantic","2. Information","1. <=Good","1. Yes",4.32935719413155,75.8954848228103
2006,39,"1. Male","2. Married","2. Black","2. HS Grad","2. Middle Atlantic","2. Information","2. >=Very Good","1. Yes",4.719720651334,112.136922992214
2003,42,"1. Male","2. Married","1. White","2. HS Grad","2. Middle Atlantic","1. Industrial","2. >=Very Good","2. No",4.44715803134222,85.3839403789827
2007,51,"1. Male","4. Divorced","1. White","2. HS Grad","2. Middle Atlantic","1. Industrial","2. >=Very Good","1. Yes",4.54406804435028,94.0727147457005
2009,55,"1. Male","2. Married","3. Asian","5. Advanced Degree","2. Middle Atlantic","1. Industrial","1. <=Good","1. Yes",4.74036268949424,114.475713290347
2006,51,"1. Male","2. Married","1. White","5. Advanced Degree","2. Middle Atlantic","1. Industrial","2. >=Very Good","1. Yes",5.17609125905568,176.989650489877
2008,38,"1. Male","2. Married","1. White","5. Advanced Degree","2. Middle Atlantic","1. Industrial","1. <=Good","1. Yes",5.62321723414596,276.778413321176
2005,49,"1. Male","2. Married","1. White","2. HS Grad","2. Middle Atlantic","2. Information","2. >=Very Good","1. Yes",4.6232492903979,101.82435207568
2006,42,"1. Male","2. Married","1. White","2. HS Grad","2. Middle Atlantic","2. Information","2. >=Very Good","2. No",4.51851393987789,91.6992261117042
2009,43,"1. Male","5. Separated","1. White","1. < HS Grad","2. Middle Atlantic","2. Information","1. <=Good","2. No",4.46239799789896,86.6951548289402
2006,38,"1. Male","2. Married","1. White","4. College Grad","2. Middle Atlantic","2. Information","2. >=Very Good","1. Yes",5.09342168516223,162.946460744664
2008,59,"1. Male","2. Married","3. Asian","2. HS Grad","2. Middle Atlantic","1. Industrial","2. >=Very Good","1. Yes",4.93601079571521,139.213788138664
2009,57,"1. Male","2. Married","1. White","3. Some College","2. Middle Atlantic","1. Industrial","1. <=Good","1. Yes",4.55630250076729,95.2307125669819
2005,25,"1. Male","1. Never Married","1. White","2. HS Grad","2. Middle Atlantic","1. Industrial","1. <=Good","2. No",4.20411998265593,66.9616443217359
2004,49,"1. Male","2. Married","1. White","4. College Grad","2. Middle Atlantic","1. Industrial","1. <=Good","1. Yes",4.8766796104192,131.194323611687
2004,41,"1. Male","2. Married","1. White","1. < HS Grad","2. Middle Atlantic","1. Industrial","2. >=Very Good","1. Yes",4.50514997831991,90.4819133566401
2009,38,"1. Male","2. Married","1. White","2. HS Grad","2. Middle Atlantic","1. Industrial","2. >=Very Good","1. Yes",4.74036268949424,114.475713290347
2003,61,"1. Male","2. Married","1. White","5. Advanced Degree","2. Middle Atlantic","1. Industrial","2. >=Very Good","1. Yes",4.37106786227174,79.1280844956297
2007,49,"1. Male","4. Divorced","1. White","2. HS Grad","2. Middle Atlantic","1. Industrial","1. <=Good","1. Yes",4.65006456117768,104.591737924918
2008,52,"1. Male","4. Divorced","1. White","5. Advanced Degree","2. Middle Atlantic","2. Information","2. >=Very Good","1. Yes",4.88649072517248,132.487821126123
2007,43,"1. Male","2. Married","1. White","5. Advanced Degree","2. Middle Atlantic","2. Information","2. >=Very Good","1. Yes",4.95424250943933,141.77517233318
2008,60,"1. Male","2. Married","1. White","4. College Grad","2. Middle Atlantic","2. Information","2. >=Very Good","1. Yes",4.81291335664286,123.089699847943
2005,46,"1. Male","2. Married","3. Asian","5. Advanced Degree","2. Middle Atlantic","2. Information","2. >=Very Good","1. Yes",4.90308998699194,134.705375118879
2004,21,"1. Male","1. Never Married","1. White","2. HS Grad","2. Middle Atlantic","2. Information","2. >=Very Good","2. No",4.02118929906994,55.7673905084923
2009,61,"1. Male","2. Married","1. White","4. College Grad","2. Middle Atlantic","1. Industrial","2. >=Very Good","1. Yes",4.67209785793572,106.921814091211
2007,32,"1. Male","2. Married","2. Black","5. Advanced Degree","2. Middle Atlantic","2. Information","2. >=Very Good","1. Yes",4.77815125038364,118.884359339886
2004,58,"1. Male","2. Married","1. White","2. HS Grad","2. Middle Atlantic","2. Information","1. <=Good","1. Yes",4.47712125471966,87.9810327856054
2003,35,"1. Male","1. Never Married","1. White","2. HS Grad","2. Middle Atlantic","2. Information","2. >=Very Good","1. Yes",4.48784512011144,88.9296066367913
2004,26,"1. Male","1. Never Married","2. Black","2. HS Grad","2. Middle Atlantic","2. Information","2. >=Very Good","1. Yes",4.39794000867204,81.2832532842527
2006,32,"1. Male","1. Never Married","2. Black","2. HS Grad","2. Middle Atlantic","1. Industrial","2. >=Very Good","2. No",4.54406804435028,94.0727147457005
2003,37,"1. Male","2. Married","1. White","2. HS Grad","2. Middle Atlantic","2. Information","2. >=Very Good","1. Yes",4.67209785793572,106.921814091211
2007,22,"1. Male","1. Never Married","3. Asian","2. HS Grad","2. Middle Atlantic","1. Industrial","1. <=Good","2. No",4.07918124604763,59.0970640815891
2005,51,"1. Male","1. Never Married","1. White","2. HS Grad","2. Middle Atlantic","1. Industrial","1. <=Good","2. No",4.17609125905568,65.1108537153447
2004,44,"1. Male","4. Divorced","1. White","5. Advanced Degree","2. Middle Atlantic","2. Information","1. <=Good","1. Yes",4.79239168949825,120.589436530402
2005,35,"1. Male","2. Married","3. Asian","5. Advanced Degree","2. Middle Atlantic","1. Industrial","2. >=Very Good","1. Yes",5.06069784035361,157.700527725737
2004,60,"1. Male","2. Married","1. White","2. HS Grad","2. Middle Atlantic","2. Information","2. >=Very Good","1. Yes",4.86332286012046,129.453644576625
2007,40,"1. Male","2. Married","1. White","4. College Grad","2. Middle Atlantic","2. Information","2. >=Very Good","1. Yes",5.17609125905568,176.989650489877
2004,35,"1. Male","1. Never Married","1. White","1. < HS Grad","2. Middle Atlantic","2. Information","2. >=Very Good","2. No",4.07918124604763,59.0970640815891
2007,35,"1. Male","2. Married","1. White","5. Advanced Degree","2. Middle Atlantic","2. Information","2. >=Very Good","2. No",4.54406804435028,94.0727147457005
2008,47,"1. Male","2. Married","1. White","2. HS Grad","2. Middle Atlantic","1. Industrial","2. >=Very Good","1. Yes",4.90308998699194,134.705375118879
2003,43,"1. Male","1. Never Married","1. White","4. College Grad","2. Middle Atlantic","2. Information","2. >=Very Good","1. Yes",4.39794000867204,81.2832532842527
2003,33,"1. Male","2. Married","1. White","1. < HS Grad","2. Middle Atlantic","1. Industrial","1. <=Good","1. Yes",4.39794000867204,81.2832532842527
2003,60,"1. Male","4. Divorced","1. White","5. Advanced Degree","2. Middle Atlantic","1. Industrial","2. >=Very Good","1. Yes",5.03342375548695,153.457515308961
2008,38,"1. Male","2. Married","3. Asian","5. Advanced Degree","2. Middle Atlantic","1. Industrial","2. >=Very Good","1. Yes",4.91907809237607,136.876367635184
2005,53,"1. Male","2. Married","1. White","2. HS Grad","2. Middle Atlantic","2. Information","2. >=Very Good","2. No",4.31806333496276,75.0431540173515
2004,55,"1. Male","2. Married","1. White","3. Some College","2. Middle Atlantic","2. Information","2. >=Very Good","1. Yes",4.86923171973098,130.220832358777
2003,57,"1. Male","2. Married","2. Black","2. HS Grad","2. Middle Atlantic","2. Information","1. <=Good","2. No",4.65321251377534,104.921506533664
2005,64,"1. Male","2. Married","1. White","4. College Grad","2. Middle Atlantic","2. Information","1. <=Good","2. No",3.90308998699194,49.5553381215226
2007,43,"1. Male","2. Married","1. White","2. HS Grad","2. Middle Atlantic","1. Industrial","1. <=Good","1. Yes",4.81954393554187,123.908567597957
2008,35,"1. Male","2. Married","2. Black","3. Some College","2. Middle Atlantic","2. Information","2. >=Very Good","1. Yes",4.81291335664286,123.089699847943
2008,54,"1. Male","2. Married","1. White","2. HS Grad","2. Middle Atlantic","2. Information","2. >=Very Good","2. No",4.35869609957381,78.155161407934
2007,45,"1. Male","2. Married","1. White","2. HS Grad","2. Middle Atlantic","2. Information","1. <=Good","1. Yes",4.30102999566398,73.7757432746946
2003,58,"1. Male","4. Divorced","3. Asian","4. College Grad","2. Middle Atlantic","2. Information","2. >=Very Good","1. Yes",4.92941892571429,138.299126920883
2007,48,"1. Male","2. Married","1. White","4. College Grad","2. Middle Atlantic","2. Information","1. <=Good","2. No",4.84509804001426,127.115743812184
2003,46,"1. Male","2. Married","3. Asian","1. < HS Grad","2. Middle Atlantic","1. Industrial","2. >=Very Good","1. Yes",4.23044892137827,68.7480877337669
2004,46,"1. Male","2. Married","1. White","2. HS Grad","2. Middle Atlantic","1. Industrial","2. >=Very Good","1. Yes",4.43546212055982,84.39111474778
2009,55,"1. Male","2. Married","1. White","1. < HS Grad","2. Middle Atlantic","1. Industrial","2. >=Very Good","1. Yes",4.44715803134222,85.3839403789827
2006,51,"1. Male","2. Married","1. White","3. Some College","2. Middle Atlantic","1. Industrial","2. >=Very Good","1. Yes",4.85733249643127,128.680488220624
2005,49,"1. Male","2. Married","1. White","3. Some College","2. Middle Atlantic","1. Industrial","2. >=Very Good","1. Yes",4.25527250510331,70.4760196469445
2008,34,"1. Male","1. Never Married","1. White","3. Some College","2. Middle Atlantic","1. Industrial","2. >=Very Good","1. Yes",4.34242268082221,76.8936025176112
2007,53,"1. Male","2. Married","1. White","3. Some College","2. Middle Atlantic","1. Industrial","2. >=Very Good","2. No",5,148.413159102577
2004,40,"1. Male","2. Married","1. White","3. Some College","2. Middle Atlantic","1. Industrial","2. >=Very Good","1. Yes",5,148.413159102577
2009,50,"1. Male","2. Married","1. White","3. Some College","2. Middle Atlantic","1. Industrial","2. >=Very Good","1. Yes",5.17026171539496,175.960883130401
2006,37,"1. Male","4. Divorced","1. White","1. < HS Grad","2. Middle Atlantic","2. Information","1. <=Good","1. Yes",4.5910646070265,98.5993438603892
2003,39,"1. Male","2. Married","1. White","3. Some College","2. Middle Atlantic","1. Industrial","2. >=Very Good","1. Yes",4.97772360528885,145.143601176911
2004,52,"1. Male","2. Married","1. White","4. College Grad","2. Middle Atlantic","1. Industrial","1. <=Good","1. Yes",4.60205999132796,99.6894636984864
2003,50,"1. Male","2. Married","1. White","2. HS Grad","2. Middle Atlantic","2. Information","2. >=Very Good","1. Yes",4.94939000664491,141.08887439127
2006,48,"1. Male","2. Married","1. White","4. College Grad","2. Middle Atlantic","1. Industrial","2. >=Very Good","1. Yes",4.81291335664286,123.089699847943
2006,47,"1. Male","2. Married","1. White","2. HS Grad","2. Middle Atlantic","1. Industrial","2. >=Very Good","1. Yes",4.86332286012046,129.453644576625
2005,27,"1. Male","2. Married","1. White","4. College Grad","2. Middle Atlantic","1. Industrial","2. >=Very Good","1. Yes",4.7160033436348,111.720849360989
2006,39,"1. Male","2. Married","1. White","2. HS Grad","2. Middle Atlantic","1. Industrial","2. >=Very Good","1. Yes",4.64345267648619,103.90247060316
2009,44,"1. Male","2. Married","2. Black","2. HS Grad","2. Middle Atlantic","2. Information","1. <=Good","1. Yes",4.77815125038364,118.884359339886
2003,37,"1. Male","2. Married","2. Black","3. Some College","2. Middle Atlantic","1. Industrial","2. >=Very Good","1. Yes",5.02118929906994,151.591484239814
2006,52,"1. Male","2. Married","1. White","2. HS Grad","2. Middle Atlantic","1. Industrial","1. <=Good","2. No",4.6232492903979,101.82435207568
2004,26,"1. Male","1. Never Married","3. Asian","3. Some College","2. Middle Atlantic","1. Industrial","2. >=Very Good","1. Yes",4.60205999132796,99.6894636984864
2008,39,"1. Male","2. Married","3. Asian","5. Advanced Degree","2. Middle Atlantic","1. Industrial","1. <=Good","1. Yes",4.60205999132796,99.6894636984864
2006,25,"1. Male","2. Married","2. Black","2. HS Grad","2. Middle Atlantic","1. Industrial","1. <=Good","2. No",4.60205999132796,99.6894636984864
2005,31,"1. Male","1. Never Married","1. White","4. College Grad","2. Middle Atlantic","2. Information","2. >=Very Good","2. No",4.54406804435028,94.0727147457005
2004,58,"1. Male","2. Married","1. White","3. Some College","2. Middle Atlantic","1. Industrial","1. <=Good","1. Yes",5.02530586526477,152.216806827106
2005,30,"1. Male","2. Married","1. White","4. College Grad","2. Middle Atlantic","2. Information","2. >=Very Good","1. Yes",4.65321251377534,104.921506533664
2004,27,"1. Male","2. Married","1. White","1. < HS Grad","2. Middle Atlantic","1. Industrial","1. <=Good","1. Yes",4.17609125905568,65.1108537153447
2003,40,"1. Male","4. Divorced","1. White","2. HS Grad","2. Middle Atlantic","1. Industrial","2. >=Very Good","1. Yes",4.55630250076729,95.2307125669819
2006,55,"1. Male","2. Married","1. White","5. Advanced Degree","2. Middle Atlantic","1. Industrial","2. >=Very Good","1. Yes",5.15836249209525,173.879493310012
2009,35,"1. Male","2. Married","3. Asian","5. Advanced Degree","2. Middle Atlantic","2. Information","2. >=Very Good","1. Yes",5.26481782300954,193.411070530969
2008,48,"1. Male","2. Married","1. White","2. HS Grad","2. Middle Atlantic","1. Industrial","1. <=Good","2. No",4.74036268949424,114.475713290347
2006,29,"1. Male","1. Never Married","3. Asian","4. College Grad","2. Middle Atlantic","1. Industrial","1. <=Good","1. Yes",5.07918124604763,160.642475408263
2005,25,"1. Male","1. Never Married","1. White","3. Some College","2. Middle Atlantic","1. Industrial","2. >=Very Good","1. Yes",4.49415459401844,89.4924795180001
2004,40,"1. Male","2. Married","1. White","3. Some College","2. Middle Atlantic","1. Industrial","2. >=Very Good","1. Yes",4.79239168949825,120.589436530402
2006,27,"1. Male","2. Married","1. White","1. < HS Grad","2. Middle Atlantic","2. Information","1. <=Good","2. No",4.30102999566398,73.7757432746946
2006,44,"1. Male","2. Married","1. White","2. HS Grad","2. Middle Atlantic","2. Information","2. >=Very Good","1. Yes",4.84509804001426,127.115743812184
2006,49,"1. Male","2. Married","1. White","3. Some College","2. Middle Atlantic","2. Information","2. >=Very Good","1. Yes",4.77815125038364,118.884359339886
2003,22,"1. Male","1. Never Married","1. White","3. Some College","2. Middle Atlantic","1. Industrial","1. <=Good","2. No",3.54406804435028,34.6074177301288
2007,45,"1. Male","2. Married","1. White","3. Some College","2. Middle Atlantic","1. Industrial","1. <=Good","1. Yes",4.74036268949424,114.475713290347
2007,33,"1. Male","2. Married","1. White","3. Some College","2. Middle Atlantic","1. Industrial","2. >=Very Good","2. No",4.44715803134222,85.3839403789827
2007,63,"1. Male","2. Married","2. Black","5. Advanced Degree","2. Middle Atlantic","2. Information","2. >=Very Good","1. Yes",5.76312762749814,318.342430056529
2006,49,"1. Male","1. Never Married","2. Black","4. College Grad","2. Middle Atlantic","1. Industrial","2. >=Very Good","1. Yes",4.95424250943933,141.77517233318
2005,39,"1. Male","1. Never Married","1. White","5. Advanced Degree","2. Middle Atlantic","2. Information","2. >=Very Good","1. Yes",4.8750612633917,130.982177377461
2007,25,"1. Male","1. Never Married","4. Other","1. < HS Grad","2. Middle Atlantic","1. Industrial","1. <=Good","2. No",4.30102999566398,73.7757432746946
2005,29,"1. Male","1. Never Married","1. White","5. Advanced Degree","2. Middle Atlantic","2. Information","2. >=Very Good","1. Yes",4.8750612633917,130.982177377461
2006,37,"1. Male","2. Married","1. White","2. HS Grad","2. Middle Atlantic","1. Industrial","2. >=Very Good","1. Yes",4.31806333496276,75.0431540173515
2008,35,"1. Male","2. Married","1. White","5. Advanced Degree","2. Middle Atlantic","2. Information","1. <=Good","1. Yes",5.04336227802113,154.990260276812
2009,46,"1. Male","2. Married","1. White","2. HS Grad","2. Middle Atlantic","1. Industrial","1. <=Good","1. Yes",4.65321251377534,104.921506533664
2008,58,"1. Male","2. Married","1. White","4. College Grad","2. Middle Atlantic","1. Industrial","2. >=Very Good","1. Yes",4.29207877211666,73.118306923864
2003,39,"1. Male","2. Married","1. White","5. Advanced Degree","2. Middle Atlantic","1. Industrial","2. >=Very Good","1. Yes",4.81291335664286,123.089699847943
2008,41,"1. Male","2. Married","1. White","4. College Grad","2. Middle Atlantic","2. Information","2. >=Very Good","1. Yes",5.06069784035361,157.700527725737
2008,29,"1. Male","2. Married","2. Black","4. College Grad","2. Middle Atlantic","2. Information","2. >=Very Good","1. Yes",4.39794000867204,81.2832532842527
2009,37,"1. Male","2. Married","1. White","4. College Grad","2. Middle Atlantic","2. Information","1. <=Good","1. Yes",4.67521907955274,107.256062128429
2009,62,"1. Male","2. Married","1. White","2. HS Grad","2. Middle Atlantic","2. Information","1. <=Good","2. No",4.36921585741014,78.9816745162994
2008,27,"1. Male","1. Never Married","2. Black","2. HS Grad","2. Middle Atlantic","1. Industrial","2. >=Very Good","1. Yes",4.30102999566398,73.7757432746946
2003,37,"1. Male","2. Married","1. White","2. HS Grad","2. Middle Atlantic","1. Industrial","1. <=Good","1. Yes",4.54406804435028,94.0727147457005
2006,56,"1. Male","5. Separated","3. Asian","4. College Grad","2. Middle Atlantic","2. Information","1. <=Good","2. No",4.60205999132796,99.6894636984864
2004,36,"1. Male","2. Married","1. White","3. Some College","2. Middle Atlantic","2. Information","2. >=Very Good","1. Yes",5.17609125905568,176.989650489877
2005,23,"1. Male","1. Never Married","4. Other","2. HS Grad","2. Middle Atlantic","2. Information","2. >=Very Good","2. No",4.30102999566398,73.7757432746946
2003,46,"1. Male","2. Married","1. White","3. Some College","2. Middle Atlantic","2. Information","2. >=Very Good","1. Yes",4.60205999132796,99.6894636984864
2009,26,"1. Male","1. Never Married","1. White","3. Some College","2. Middle Atlantic","1. Industrial","2. >=Very Good","2. No",4.54406804435028,94.0727147457005
2006,43,"1. Male","2. Married","1. White","1. < HS Grad","2. Middle Atlantic","2. Information","2. >=Very Good","1. Yes",4.55630250076729,95.2307125669819
2007,36,"1. Male","2. Married","1. White","2. HS Grad","2. Middle Atlantic","2. Information","2. >=Very Good","1. Yes",4.84509804001426,127.115743812184
2003,54,"1. Male","5. Separated","1. White","3. Some College","2. Middle Atlantic","2. Information","1. <=Good","1. Yes",4.60205999132796,99.6894636984864
2003,62,"1. Male","2. Married","1. White","2. HS Grad","2. Middle Atlantic","1. Industrial","2. >=Very Good","1. Yes",4.56110138364906,95.6888119067371
2006,40,"1. Male","2. Married","1. White","2. HS Grad","2. Middle Atlantic","1. Industrial","2. >=Very Good","1. Yes",4.69897000433602,109.833985642199
2006,53,"1. Male","2. Married","1. White","3. Some College","2. Middle Atlantic","1. Industrial","2. >=Very Good","1. Yes",4.77815125038364,118.884359339886
2007,48,"1. Male","2. Married","1. White","5. Advanced Degree","2. Middle Atlantic","2. Information","2. >=Very Good","1. Yes",5.17609125905568,176.989650489877
2004,23,"1. Male","2. Married","1. White","4. College Grad","2. Middle Atlantic","1. Industrial","2. >=Very Good","2. No",4.11394335230684,61.1875264339915
2009,34,"1. Male","2. Married","1. White","2. HS Grad","2. Middle Atlantic","1. Industrial","2. >=Very Good","1. Yes",4.39794000867204,81.2832532842527
2004,43,"1. Male","2. Married","1. White","4. College Grad","2. Middle Atlantic","2. Information","2. >=Very Good","2. No",5.5467412584381,256.400649562425
2006,55,"1. Male","2. Married","1. White","2. HS Grad","2. Middle Atlantic","2. Information","1. <=Good","1. Yes",4.39794000867204,81.2832532842527
2007,59,"1. Male","1. Never Married","1. White","2. HS Grad","2. Middle Atlantic","2. Information","2. >=Very Good","1. Yes",4.39794000867204,81.2832532842527
2007,60,"1. Male","2. Married","1. White","2. HS Grad","2. Middle Atlantic","2. Information","2. >=Very Good","2. No",4.02118929906994,55.7673905084923
2009,49,"1. Male","1. Never Married","1. White","2. HS Grad","2. Middle Atlantic","1. Industrial","2. >=Very Good","1. Yes",4.32221929473392,75.3556793180091
2006,45,"1. Male","2. Married","3. Asian","3. Some College","2. Middle Atlantic","1. Industrial","2. >=Very Good","1. Yes",4.8750612633917,130.982177377461
2006,31,"1. Male","4. Divorced","1. White","2. HS Grad","2. Middle Atlantic","1. Industrial","2. >=Very Good","2. No",3.77815125038364,43.7351116779821
2004,34,"1. Male","1. Never Married","1. White","4. College Grad","2. Middle Atlantic","2. Information","1. <=Good","1. Yes",4.74036268949424,114.475713290347
2005,26,"1. Male","1. Never Married","1. White","5. Advanced Degree","2. Middle Atlantic","2. Information","2. >=Very Good","1. Yes",4.74036268949424,114.475713290347
2007,22,"1. Male","1. Never Married","1. White","2. HS Grad","2. Middle Atlantic","1. Industrial","2. >=Very Good","2. No",4.39794000867204,81.2832532842527
2004,40,"1. Male","2. Married","1. White","2. HS Grad","2. Middle Atlantic","2. Information","1. <=Good","2. No",4.22788670461367,68.5721657022738
2009,41,"1. Male","2. Married","1. White","3. Some College","2. Middle Atlantic","2. Information","2. >=Very Good","1. Yes",4.69897000433602,109.833985642199
2006,36,"1. Male","1. Never Married","2. Black","3. Some College","2. Middle Atlantic","1. Industrial","2. >=Very Good","1. Yes",4.57978359661681,97.4932940453934
2007,38,"1. Male","2. Married","1. White","1. < HS Grad","2. Middle Atlantic","1. Industrial","2. >=Very Good","2. No",4.13353890837022,62.3983547205685
2003,48,"1. Male","2. Married","1. White","2. HS Grad","2. Middle Atlantic","1. Industrial","2. >=Very Good","2. No",4.57978359661681,97.4932940453934
2006,47,"1. Male","2. Married","1. White","3. Some College","2. Middle Atlantic","2. Information","2. >=Very Good","1. Yes",4.90308998699194,134.705375118879
2005,47,"1. Male","5. Separated","1. White","1. < HS Grad","2. Middle Atlantic","1. Industrial","1. <=Good","2. No",4.11394335230684,61.1875264339915
2007,35,"1. Male","2. Married","1. White","4. College Grad","2. Middle Atlantic","2. Information","1. <=Good","2. No",4.77815125038364,118.884359339886
2008,49,"1. Male","2. Married","3. Asian","2. HS Grad","2. Middle Atlantic","2. Information","2. >=Very Good","1. Yes",4.17609125905568,65.1108537153447
2004,40,"1. Male","2. Married","1. White","3. Some College","2. Middle Atlantic","2. Information","2. >=Very Good","1. Yes",4.69897000433602,109.833985642199
2004,32,"1. Male","3. Widowed","3. Asian","4. College Grad","2. Middle Atlantic","1. Industrial","2. >=Very Good","2. No",4.65321251377534,104.921506533664
2008,57,"1. Male","2. Married","1. White","4. College Grad","2. Middle Atlantic","1. Industrial","2. >=Very Good","1. Yes",4.30102999566398,73.7757432746946
2008,56,"1. Male","2. Married","1. White","4. College Grad","2. Middle Atlantic","1. Industrial","2. >=Very Good","1. Yes",4.95424250943933,141.77517233318
2009,73,"1. Male","2. Married","1. White","1. < HS Grad","2. Middle Atlantic","1. Industrial","1. <=Good","2. No",4.50514997831991,90.4819133566401
2007,29,"1. Male","1. Never Married","1. White","2. HS Grad","2. Middle Atlantic","1. Industrial","1. <=Good","1. Yes",4.30102999566398,73.7757432746946
2003,49,"1. Male","2. Married","3. Asian","5. Advanced Degree","2. Middle Atlantic","1. Industrial","2. >=Very Good","1. Yes",4.90308998699194,134.705375118879
2009,30,"1. Male","1. Never Married","1. White","2. HS Grad","2. Middle Atlantic","1. Industrial","2. >=Very Good","1. Yes",4.69897000433602,109.833985642199
2008,29,"1. Male","2. Married","1. White","2. HS Grad","2. Middle Atlantic","1. Industrial","2. >=Very Good","1. Yes",4.51851393987789,91.6992261117042
2004,36,"1. Male","2. Married","1. White","3. Some College","2. Middle Atlantic","2. Information","2. >=Very Good","2. No",4.55630250076729,95.2307125669819
2009,39,"1. Male","2. Married","1. White","5. Advanced Degree","2. Middle Atlantic","2. Information","2. >=Very Good","1. Yes",5.05307844348342,156.503510882633
2007,48,"1. Male","2. Married","1. White","4. College Grad","2. Middle Atlantic","2. Information","2. >=Very Good","1. Yes",4.65321251377534,104.921506533664
2006,45,"1. Male","2. Married","2. Black","4. College Grad","2. Middle Atlantic","1. Industrial","2. >=Very Good","1. Yes",4.60205999132796,99.6894636984864
2004,50,"1. Male","2. Married","1. White","4. College Grad","2. Middle Atlantic","1. Industrial","1. <=Good","2. No",4,54.5981500331442
2003,42,"1. Male","2. Married","1. White","4. College Grad","2. Middle Atlantic","2. Information","2. >=Very Good","1. Yes",3.47712125471966,32.3664131748549
2007,58,"1. Male","2. Married","1. White","3. Some College","2. Middle Atlantic","1. Industrial","1. <=Good","2. No",4.77815125038364,118.884359339886
2007,48,"1. Male","2. Married","1. White","2. HS Grad","2. Middle Atlantic","1. Industrial","2. >=Very Good","1. Yes",4.69897000433602,109.833985642199
2003,48,"1. Male","2. Married","1. White","4. College Grad","2. Middle Atlantic","1. Industrial","2. >=Very Good","1. Yes",4.69897000433602,109.833985642199
2005,45,"1. Male","2. Married","1. White","3. Some College","2. Middle Atlantic","2. Information","2. >=Very Good","1. Yes",4.77815125038364,118.884359339886
2007,41,"1. Male","4. Divorced","1. White","3. Some College","2. Middle Atlantic","1. Industrial","2. >=Very Good","1. Yes",4.70757017609794,110.782650276254
2008,27,"1. Male","1. Never Married","1. White","2. HS Grad","2. Middle Atlantic","1. Industrial","2. >=Very Good","1. Yes",4.53857373380686,93.5572673479306
2004,44,"1. Male","2. Married","1. White","2. HS Grad","2. Middle Atlantic","2. Information","2. >=Very Good","1. Yes",4.69897000433602,109.833985642199
2003,32,"1. Male","2. Married","1. White","4. College Grad","2. Middle Atlantic","2. Information","2. >=Very Good","1. Yes",4.77815125038364,118.884359339886
2006,46,"1. Male","2. Married","1. White","1. < HS Grad","2. Middle Atlantic","2. Information","2. >=Very Good","1. Yes",4.77815125038364,118.884359339886
2005,52,"1. Male","2. Married","2. Black","2. HS Grad","2. Middle Atlantic","2. Information","1. <=Good","2. No",3.95424250943932,52.1561711699147
2003,22,"1. Male","1. Never Married","1. White","3. Some College","2. Middle Atlantic","1. Industrial","2. >=Very Good","2. No",3.77815125038364,43.7351116779821
2004,53,"1. Male","3. Widowed","1. White","2. HS Grad","2. Middle Atlantic","1. Industrial","2. >=Very Good","1. Yes",4.76342799356294,117.146816914805
2008,34,"1. Male","2. Married","1. White","5. Advanced Degree","2. Middle Atlantic","1. Industrial","1. <=Good","1. Yes",4.77815125038364,118.884359339886
2009,38,"1. Male","2. Married","1. White","2. HS Grad","2. Middle Atlantic","1. Industrial","2. >=Very Good","1. Yes",5,148.413159102577
2009,42,"1. Male","2. Married","1. White","1. < HS Grad","2. Middle Atlantic","2. Information","2. >=Very Good","1. Yes",4.6232492903979,101.82435207568
2005,25,"1. Male","1. Never Married","2. Black","3. Some College","2. Middle Atlantic","2. Information","2. >=Very Good","1. Yes",4.54406804435028,94.0727147457005
2004,29,"1. Male","1. Never Married","1. White","3. Some College","2. Middle Atlantic","1. Industrial","2. >=Very Good","1. Yes",4.46239799789896,86.6951548289402
2005,28,"1. Male","2. Married","1. White","5. Advanced Degree","2. Middle Atlantic","2. Information","2. >=Very Good","1. Yes",4.95424250943933,141.77517233318
2005,46,"1. Male","2. Married","1. White","4. College Grad","2. Middle Atlantic","1. Industrial","2. >=Very Good","1. Yes",4.20411998265593,66.9616443217359
2007,55,"1. Male","2. Married","2. Black","5. Advanced Degree","2. Middle Atlantic","2. Information","2. >=Very Good","1. Yes",4.77815125038364,118.884359339886
2004,56,"1. Male","2. Married","1. White","2. HS Grad","2. Middle Atlantic","1. Industrial","1. <=Good","2. No",4.66124460895933,105.767639622758
2005,41,"1. Male","4. Divorced","2. Black","2. HS Grad","2. Middle Atlantic","2. Information","1. <=Good","1. Yes",4.77815125038364,118.884359339886
2009,61,"1. Male","2. Married","1. White","5. Advanced Degree","2. Middle Atlantic","2. Information","2. >=Very Good","2. No",5.17609125905568,176.989650489877
2003,47,"1. Male","2. Married","1. White","2. HS Grad","2. Middle Atlantic","2. Information","2. >=Very Good","1. Yes",4.17609125905568,65.1108537153447
2006,52,"1. Male","2. Married","1. White","3. Some College","2. Middle Atlantic","1. Industrial","2. >=Very Good","1. Yes",4.44715803134222,85.3839403789827
2004,27,"1. Male","2. Married","1. White","2. HS Grad","2. Middle Atlantic","1. Industrial","2. >=Very Good","2. No",4.27875360095283,72.1504556815713
2007,33,"1. Male","1. Never Married","2. Black","3. Some College","2. Middle Atlantic","2. Information","2. >=Very Good","1. Yes",4.49136169383427,89.2428846644714
2003,58,"1. Male","1. Never Married","1. White","2. HS Grad","2. Middle Atlantic","2. Information","1. <=Good","1. Yes",4.17609125905568,65.1108537153447
2005,27,"1. Male","2. Married","1. White","4. College Grad","2. Middle Atlantic","1. Industrial","2. >=Very Good","1. Yes",4.98227123303957,145.805163374625
2009,52,"1. Male","5. Separated","2. Black","2. HS Grad","2. Middle Atlantic","1. Industrial","2. >=Very Good","1. Yes",4.47712125471966,87.9810327856054
2003,45,"1. Male","2. Married","1. White","5. Advanced Degree","2. Middle Atlantic","1. Industrial","2. >=Very Good","2. No",3.7160033436348,41.0998036301194
2003,22,"1. Male","1. Never Married","1. White","2. HS Grad","2. Middle Atlantic","2. Information","2. >=Very Good","1. Yes",4.22530928172586,68.3956538035455
2005,25,"1. Male","1. Never Married","1. White","3. Some College","2. Middle Atlantic","1. Industrial","1. <=Good","1. Yes",4.39794000867204,81.2832532842527
2004,25,"1. Male","1. Never Married","1. White","2. HS Grad","2. Middle Atlantic","1. Industrial","2. >=Very Good","1. Yes",4.30102999566398,73.7757432746946
2005,41,"1. Male","2. Married","2. Black","1. < HS Grad","2. Middle Atlantic","1. Industrial","2. >=Very Good","1. Yes",4.8750612633917,130.982177377461
2006,54,"1. Male","5. Separated","1. White","4. College Grad","2. Middle Atlantic","1. Industrial","2. >=Very Good","1. Yes",5,148.413159102577
2007,23,"1. Male","2. Married","1. White","2. HS Grad","2. Middle Atlantic","1. Industrial","2. >=Very Good","1. Yes",4.39724458101039,81.226746312023
2006,36,"1. Male","1. Never Married","1. White","5. Advanced Degree","2. Middle Atlantic","1. Industrial","2. >=Very Good","1. Yes",4.14612803567824,63.1888610037461
2004,31,"1. Male","5. Separated","1. White","3. Some College","2. Middle Atlantic","1. Industrial","1. <=Good","1. Yes",4.54406804435028,94.0727147457005
2006,52,"1. Male","2. Married","1. White","2. HS Grad","2. Middle Atlantic","2. Information","1. <=Good","1. Yes",4.52891670027766,92.6581301668597
2007,46,"1. Male","2. Married","2. Black","2. HS Grad","2. Middle Atlantic","2. Information","1. <=Good","2. No",4.34242268082221,76.8936025176112
2007,45,"1. Male","2. Married","1. White","2. HS Grad","2. Middle Atlantic","1. Industrial","1. <=Good","1. Yes",4.77815125038364,118.884359339886
2009,40,"1. Male","2. Married","1. White","2. HS Grad","2. Middle Atlantic","1. Industrial","1. <=Good","2. No",4.38021124171161,79.8549003093467
2004,33,"1. Male","1. Never Married","3. Asian","4. College Grad","2. Middle Atlantic","2. Information","2. >=Very Good","1. Yes",4.46239799789896,86.6951548289402
2007,42,"1. Male","2. Married","1. White","4. College Grad","2. Middle Atlantic","2. Information","2. >=Very Good","1. Yes",4.89762709129044,133.971500070695
2007,41,"1. Male","2. Married","1. White","4. College Grad","2. Middle Atlantic","2. Information","2. >=Very Good","1. Yes",4.83250891270624,125.525498433836
2007,25,"1. Male","1. Never Married","4. Other","2. HS Grad","2. Middle Atlantic","1. Industrial","2. >=Very Good","1. Yes",4.53147891704226,92.8958447894966
2005,24,"1. Male","4. Divorced","1. White","2. HS Grad","2. Middle Atlantic","1. Industrial","2. >=Very Good","1. Yes",4.27875360095283,72.1504556815713
2006,24,"1. Male","1. Never Married","1. White","3. Some College","2. Middle Atlantic","1. Industrial","2. >=Very Good","2. No",4.77815125038364,118.884359339886
2008,51,"1. Male","2. Married","1. White","2. HS Grad","2. Middle Atlantic","2. Information","1. <=Good","2. No",4.25527250510331,70.4760196469445
2004,41,"1. Male","2. Married","1. White","2. HS Grad","2. Middle Atlantic","1. Industrial","2. >=Very Good","2. No",4.84509804001426,127.115743812184
2009,42,"1. Male","1. Never Married","1. White","4. College Grad","2. Middle Atlantic","2. Information","2. >=Very Good","1. Yes",4.74036268949424,114.475713290347
2005,30,"1. Male","1. Never Married","1. White","4. College Grad","2. Middle Atlantic","1. Industrial","2. >=Very Good","1. Yes",4.47712125471966,87.9810327856054
2009,55,"1. Male","2. Married","3. Asian","1. < HS Grad","2. Middle Atlantic","1. Industrial","2. >=Very Good","2. No",4,54.5981500331442
2008,23,"1. Male","1. Never Married","1. White","2. HS Grad","2. Middle Atlantic","1. Industrial","2. >=Very Good","1. Yes",4.43136376415899,84.0459576539924
2003,60,"1. Male","4. Divorced","1. White","4. College Grad","2. Middle Atlantic","2. Information","2. >=Very Good","2. No",4.44715803134222,85.3839403789827
2003,40,"1. Male","2. Married","3. Asian","5. Advanced Degree","2. Middle Atlantic","2. Information","2. >=Very Good","1. Yes",4.95424250943933,141.77517233318
2008,41,"1. Male","1. Never Married","1. White","2. HS Grad","2. Middle Atlantic","2. Information","2. >=Very Good","1. Yes",4.70757017609794,110.782650276254
2003,80,"1. Male","2. Married","1. White","2. HS Grad","2. Middle Atlantic","2. Information","1. <=Good","1. Yes",4.38021124171161,79.8549003093467
2005,53,"1. Male","2. Married","1. White","2. HS Grad","2. Middle Atlantic","2. Information","2. >=Very Good","1. Yes",4.57978359661681,97.4932940453934
2004,40,"1. Male","1. Never Married","1. White","2. HS Grad","2. Middle Atlantic","1. Industrial","2. >=Very Good","2. No",5.14612803567824,171.765132627508
2009,35,"1. Male","2. Married","1. White","3. Some College","2. Middle Atlantic","1. Industrial","1. <=Good","1. Yes",4.92348752840002,137.481247831663
2009,55,"1. Male","2. Married","1. White","1. < HS Grad","2. Middle Atlantic","1. Industrial","1. <=Good","1. Yes",4.32221929473392,75.3556793180091
2008,24,"1. Male","1. Never Married","1. White","2. HS Grad","2. Middle Atlantic","2. Information","2. >=Very Good","1. Yes",4.30102999566398,73.7757432746946
2007,39,"1. Male","2. Married","1. White","4. College Grad","2. Middle Atlantic","2. Information","2. >=Very Good","1. Yes",5,148.413159102577
2003,30,"1. Male","2. Married","1. White","5. Advanced Degree","2. Middle Atlantic","1. Industrial","2. >=Very Good","1. Yes",4.55630250076729,95.2307125669819
2005,68,"1. Male","2. Married","1. White","2. HS Grad","2. Middle Atlantic","1. Industrial","1. <=Good","1. Yes",4.47712125471966,87.9810327856054
2004,54,"1. Male","2. Married","2. Black","2. HS Grad","2. Middle Atlantic","2. Information","1. <=Good","1. Yes",4.69897000433602,109.833985642199
2008,27,"1. Male","1. Never Married","1. White","4. College Grad","2. Middle Atlantic","1. Industrial","2. >=Very Good","2. No",4.39794000867204,81.2832532842527
2005,34,"1. Male","2. Married","1. White","2. HS Grad","2. Middle Atlantic","1. Industrial","2. >=Very Good","1. Yes",4.77815125038364,118.884359339886
2004,53,"1. Male","2. Married","1. White","5. Advanced Degree","2. Middle Atlantic","2. Information","1. <=Good","1. Yes",4.84509804001426,127.115743812184
2004,48,"1. Male","2. Married","2. Black","5. Advanced Degree","2. Middle Atlantic","2. Information","2. >=Very Good","2. No",4.44715803134222,85.3839403789827
2005,59,"1. Male","2. Married","1. White","2. HS Grad","2. Middle Atlantic","1. Industrial","2. >=Very Good","1. Yes",4.39794000867204,81.2832532842527
2004,30,"1. Male","2. Married","1. White","3. Some College","2. Middle Atlantic","1. Industrial","2. >=Very Good","2. No",4.77815125038364,118.884359339886
2007,45,"1. Male","2. Married","1. White","5. Advanced Degree","2. Middle Atlantic","2. Information","2. >=Very Good","1. Yes",5.09691001300806,163.515863976238
2007,39,"1. Male","2. Married","4. Other","4. College Grad","2. Middle Atlantic","2. Information","1. <=Good","1. Yes",4.65321251377534,104.921506533664
2008,45,"1. Male","2. Married","3. Asian","4. College Grad","2. Middle Atlantic","1. Industrial","1. <=Good","2. No",4.60205999132796,99.6894636984864
2007,43,"1. Male","2. Married","1. White","5. Advanced Degree","2. Middle Atlantic","2. Information","2. >=Very Good","1. Yes",5.64100585131578,281.745970551857
2003,30,"1. Male","1. Never Married","2. Black","5. Advanced Degree","2. Middle Atlantic","2. Information","2. >=Very Good","1. Yes",4.92941892571429,138.299126920883
2005,57,"1. Male","2. Married","1. White","4. College Grad","2. Middle Atlantic","2. Information","2. >=Very Good","1. Yes",5.17609125905568,176.989650489877
2004,53,"1. Male","2. Married","1. White","4. College Grad","2. Middle Atlantic","2. Information","1. <=Good","1. Yes",4.91907809237607,136.876367635184
2009,42,"1. Male","2. Married","1. White","4. College Grad","2. Middle Atlantic","2. Information","2. >=Very Good","1. Yes",5.23044892137827,186.876677628007
2005,23,"1. Male","1. Never Married","1. White","2. HS Grad","2. Middle Atlantic","1. Industrial","1. <=Good","2. No",4.50514997831991,90.4819133566401
2009,58,"1. Male","2. Married","1. White","2. HS Grad","2. Middle Atlantic","1. Industrial","1. <=Good","2. No",4.44715803134222,85.3839403789827
2005,43,"1. Male","2. Married","1. White","1. < HS Grad","2. Middle Atlantic","1. Industrial","2. >=Very Good","1. Yes",4.97772360528885,145.143601176911
2003,33,"1. Male","4. Divorced","1. White","5. Advanced Degree","2. Middle Atlantic","2. Information","2. >=Very Good","1. Yes",4.79239168949825,120.589436530402
2004,56,"1. Male","2. Married","1. White","4. College Grad","2. Middle Atlantic","2. Information","2. >=Very Good","1. Yes",4.6232492903979,101.82435207568
2006,37,"1. Male","2. Married","2. Black","4. College Grad","2. Middle Atlantic","1. Industrial","2. >=Very Good","2. No",4.69019608002851,108.874525834712
2009,41,"1. Male","4. Divorced","1. White","5. Advanced Degree","2. Middle Atlantic","1. Industrial","2. >=Very Good","2. No",3.6534054906645,38.6059145209601
2007,33,"1. Male","2. Married","1. White","3. Some College","2. Middle Atlantic","2. Information","2. >=Very Good","1. Yes",4.53147891704226,92.8958447894966
2007,50,"1. Male","1. Never Married","1. White","5. Advanced Degree","2. Middle Atlantic","2. Information","2. >=Very Good","1. Yes",4.83884909073726,126.323880709786
2003,43,"1. Male","2. Married","1. White","5. Advanced Degree","2. Middle Atlantic","2. Information","2. >=Very Good","1. Yes",5.25527250510331,191.573683548412
2004,53,"1. Male","2. Married","1. White","4. College Grad","2. Middle Atlantic","1. Industrial","2. >=Very Good","1. Yes",5.04921802267018,155.900506146767
2005,37,"1. Male","3. Widowed","1. White","3. Some College","2. Middle Atlantic","2. Information","2. >=Very Good","1. Yes",4.47712125471966,87.9810327856054
2006,20,"1. Male","1. Never Married","2. Black","3. Some College","2. Middle Atlantic","2. Information","2. >=Very Good","2. No",4.07918124604763,59.0970640815891
2003,26,"1. Male","1. Never Married","1. White","3. Some College","2. Middle Atlantic","1. Industrial","2. >=Very Good","1. Yes",4.30102999566398,73.7757432746946
2003,29,"1. Male","4. Divorced","1. White","4. College Grad","2. Middle Atlantic","2. Information","2. >=Very Good","2. No",4.50514997831991,90.4819133566401
2008,57,"1. Male","2. Married","1. White","4. College Grad","2. Middle Atlantic","2. Information","2. >=Very Good","1. Yes",4.77815125038364,118.884359339886
2009,47,"1. Male","2. Married","1. White","3. Some College","2. Middle Atlantic","2. Information","2. >=Very Good","1. Yes",5.02118929906994,151.591484239814
2004,54,"1. Male","2. Married","1. White","5. Advanced Degree","2. Middle Atlantic","1. Industrial","2. >=Very Good","2. No",5.60688524128857,272.294783220064
2007,38,"1. Male","2. Married","1. White","1. < HS Grad","2. Middle Atlantic","1. Industrial","1. <=Good","2. No",4.57978359661681,97.4932940453934
2006,23,"1. Male","1. Never Married","1. White","3. Some College","2. Middle Atlantic","1. Industrial","2. >=Very Good","2. No",4.2211533219547,68.111994065327
2004,31,"1. Male","2. Married","1. White","2. HS Grad","2. Middle Atlantic","2. Information","2. >=Very Good","1. Yes",4.84509804001426,127.115743812184
2004,43,"1. Male","2. Married","1. White","4. College Grad","2. Middle Atlantic","2. Information","2. >=Very Good","1. Yes",5.60688524128857,272.294783220064
2003,33,"1. Male","2. Married","1. White","5. Advanced Degree","2. Middle Atlantic","2. Information","1. <=Good","2. No",4.7160033436348,111.720849360989
2004,48,"1. Male","2. Married","1. White","2. HS Grad","2. Middle Atlantic","1. Industrial","1. <=Good","1. Yes",4.84509804001426,127.115743812184
2008,33,"1. Male","2. Married","1. White","2. HS Grad","2. Middle Atlantic","1. Industrial","2. >=Very Good","1. Yes",4.47712125471966,87.9810327856054
2009,52,"1. Male","2. Married","1. White","4. College Grad","2. Middle Atlantic","2. Information","2. >=Very Good","1. Yes",4.74036268949424,114.475713290347
2008,30,"1. Male","1. Never Married","2. Black","3. Some College","2. Middle Atlantic","2. Information","2. >=Very Good","2. No",4.24551266781415,69.7915308454408
2004,44,"1. Male","2. Married","1. White","2. HS Grad","2. Middle Atlantic","1. Industrial","2. >=Very Good","1. Yes",4.54406804435028,94.0727147457005
2004,38,"1. Male","2. Married","1. White","2. HS Grad","2. Middle Atlantic","2. Information","2. >=Very Good","1. Yes",4.8463371121298,127.273347006486
2008,51,"1. Male","2. Married","1. White","2. HS Grad","2. Middle Atlantic","1. Industrial","2. >=Very Good","1. Yes",5.07918124604763,160.642475408263
2007,47,"1. Male","2. Married","1. White","3. Some College","2. Middle Atlantic","1. Industrial","2. >=Very Good","1. Yes",5.14612803567824,171.765132627508
2005,28,"1. Male","2. Married","1. White","4. College Grad","2. Middle Atlantic","2. Information","1. <=Good","1. Yes",4.95424250943933,141.77517233318
2004,52,"1. Male","4. Divorced","1. White","3. Some College","2. Middle Atlantic","2. Information","2. >=Very Good","1. Yes",4.7481880270062,115.375038556391
2004,23,"1. Male","1. Never Married","1. White","1. < HS Grad","2. Middle Atlantic","1. Industrial","1. <=Good","2. No",4.27875360095283,72.1504556815713
2003,65,"1. Male","2. Married","1. White","1. < HS Grad","2. Middle Atlantic","1. Industrial","1. <=Good","2. No",4.30102999566398,73.7757432746946
2005,27,"1. Male","1. Never Married","1. White","4. College Grad","2. Middle Atlantic","1. Industrial","2. >=Very Good","1. Yes",4.84509804001426,127.115743812184
2004,33,"1. Male","2. Married","1. White","1. < HS Grad","2. Middle Atlantic","2. Information","2. >=Very Good","2. No",3.04139268515822,20.9343779401018
2008,49,"1. Male","2. Married","1. White","2. HS Grad","2. Middle Atlantic","1. Industrial","2. >=Very Good","1. Yes",4.38021124171161,79.8549003093467
2008,27,"1. Male","1. Never Married","1. White","3. Some College","2. Middle Atlantic","1. Industrial","1. <=Good","1. Yes",4.63346845557959,102.870246933215
2008,48,"1. Male","4. Divorced","1. White","2. HS Grad","2. Middle Atlantic","1. Industrial","1. <=Good","1. Yes",4.7481880270062,115.375038556391
2005,38,"1. Male","1. Never Married","1. White","3. Some College","2. Middle Atlantic","1. Industrial","1. <=Good","1. Yes",4.57978359661681,97.4932940453934
2008,58,"1. Male","2. Married","1. White","3. Some College","2. Middle Atlantic","1. Industrial","1. <=Good","2. No",4.65321251377534,104.921506533664
2003,40,"1. Male","2. Married","3. Asian","5. Advanced Degree","2. Middle Atlantic","1. Industrial","2. >=Very Good","2. No",4.7481880270062,115.375038556391
2007,46,"1. Male","2. Married","1. White","2. HS Grad","2. Middle Atlantic","1. Industrial","2. >=Very Good","2. No",4.53781909507327,93.4866920429597
2009,53,"1. Male","2. Married","2. Black","3. Some College","2. Middle Atlantic","2. Information","1. <=Good","1. Yes",4.81291335664286,123.089699847943
2009,25,"1. Male","1. Never Married","2. Black","5. Advanced Degree","2. Middle Atlantic","2. Information","2. >=Very Good","1. Yes",4.77815125038364,118.884359339886
2003,42,"1. Male","2. Married","1. White","3. Some College","2. Middle Atlantic","2. Information","2. >=Very Good","1. Yes",4.56820172406699,96.3706528322308
2004,40,"1. Male","1. Never Married","1. White","2. HS Grad","2. Middle Atlantic","1. Industrial","2. >=Very Good","1. Yes",4.43136376415899,84.0459576539924
2006,35,"1. Male","2. Married","1. White","2. HS Grad","2. Middle Atlantic","2. Information","2. >=Very Good","1. Yes",4.84509804001426,127.115743812184
2005,50,"1. Male","5. Separated","1. White","2. HS Grad","2. Middle Atlantic","2. Information","1. <=Good","2. No",4.55630250076729,95.2307125669819
2004,34,"1. Male","2. Married","1. White","3. Some College","2. Middle Atlantic","1. Industrial","2. >=Very Good","1. Yes",4.39794000867204,81.2832532842527
2009,48,"1. Male","2. Married","1. White","2. HS Grad","2. Middle Atlantic","2. Information","2. >=Very Good","1. Yes",4.63346845557959,102.870246933215
2004,49,"1. Male","2. Married","1. White","5. Advanced Degree","2. Middle Atlantic","2. Information","1. <=Good","1. Yes",4.7160033436348,111.720849360989
2009,41,"1. Male","2. Married","3. Asian","4. College Grad","2. Middle Atlantic","2. Information","2. >=Very Good","2. No",4.54406804435028,94.0727147457005
2004,37,"1. Male","2. Married","3. Asian","4. College Grad","2. Middle Atlantic","2. Information","2. >=Very Good","1. Yes",4.84509804001426,127.115743812184
2003,58,"1. Male","2. Married","1. White","3. Some College","2. Middle Atlantic","2. Information","2. >=Very Good","1. Yes",4.65321251377534,104.921506533664
2006,28,"1. Male","1. Never Married","2. Black","2. HS Grad","2. Middle Atlantic","1. Industrial","1. <=Good","2. No",4.2211533219547,68.111994065327
2003,33,"1. Male","2. Married","1. White","2. HS Grad","2. Middle Atlantic","1. Industrial","2. >=Very Good","1. Yes",4.85733249643127,128.680488220624
2003,50,"1. Male","2. Married","1. White","3. Some College","2. Middle Atlantic","1. Industrial","2. >=Very Good","1. Yes",4.96930872345047,143.92735936583
2009,38,"1. Male","2. Married","1. White","2. HS Grad","2. Middle Atlantic","2. Information","2. >=Very Good","1. Yes",4.64345267648619,103.90247060316
2003,48,"1. Male","2. Married","1. White","2. HS Grad","2. Middle Atlantic","1. Industrial","2. >=Very Good","1. Yes",4.51851393987789,91.6992261117042
2008,30,"1. Male","2. Married","1. White","3. Some College","2. Middle Atlantic","1. Industrial","2. >=Very Good","1. Yes",4.55630250076729,95.2307125669819
2006,49,"1. Male","2. Married","1. White","5. Advanced Degree","2. Middle Atlantic","2. Information","2. >=Very Good","2. No",4.92941892571429,138.299126920883
2005,44,"1. Male","2. Married","1. White","4. College Grad","2. Middle Atlantic","2. Information","2. >=Very Good","1. Yes",4.77539197169661,118.55677641507
2009,50,"1. Male","2. Married","1. White","2. HS Grad","2. Middle Atlantic","1. Industrial","2. >=Very Good","1. Yes",4.54406804435028,94.0727147457005
2009,58,"1. Male","2. Married","3. Asian","4. College Grad","2. Middle Atlantic","2. Information","1. <=Good","1. Yes",4.74036268949424,114.475713290347
2004,45,"1. Male","1. Never Married","1. White","4. College Grad","2. Middle Atlantic","2. Information","2. >=Very Good","1. Yes",5.01072386539177,150.01328628271
2005,44,"1. Male","2. Married","1. White","3. Some College","2. Middle Atlantic","2. Information","2. >=Very Good","2. No",4.57978359661681,97.4932940453934
2005,35,"1. Male","4. Divorced","1. White","4. College Grad","2. Middle Atlantic","2. Information","1. <=Good","2. No",4.50514997831991,90.4819133566401
2005,59,"1. Male","2. Married","1. White","2. HS Grad","2. Middle Atlantic","2. Information","2. >=Very Good","2. No",4.39794000867204,81.2832532842527
2009,45,"1. Male","2. Married","1. White","2. HS Grad","2. Middle Atlantic","2. Information","2. >=Very Good","2. No",4.8750612633917,130.982177377461
2004,51,"1. Male","2. Married","1. White","4. College Grad","2. Middle Atlantic","1. Industrial","1. <=Good","1. Yes",5.01703333929878,150.962783462143
2006,61,"1. Male","2. Married","1. White","3. Some College","2. Middle Atlantic","2. Information","2. >=Very Good","2. No",4.8750612633917,130.982177377461
2008,45,"1. Male","2. Married","1. White","2. HS Grad","2. Middle Atlantic","1. Industrial","2. >=Very Good","1. Yes",4.97772360528885,145.143601176911
2003,34,"1. Male","1. Never Married","1. White","4. College Grad","2. Middle Atlantic","1. Industrial","2. >=Very Good","1. Yes",4.50514997831991,90.4819133566401
2007,33,"1. Male","2. Married","1. White","4. College Grad","2. Middle Atlantic","2. Information","1. <=Good","2. No",4.73239375982297,113.567089569751
2005,45,"1. Male","2. Married","1. White","2. HS Grad","2. Middle Atlantic","2. Information","1. <=Good","1. Yes",4.47712125471966,87.9810327856054
2009,50,"1. Male","1. Never Married","1. White","5. Advanced Degree","2. Middle Atlantic","2. Information","1. <=Good","1. Yes",5.06069784035361,157.700527725737
2006,50,"1. Male","2. Married","1. White","2. HS Grad","2. Middle Atlantic","2. Information","2. >=Very Good","1. Yes",4.69897000433602,109.833985642199
2005,39,"1. Male","2. Married","1. White","3. Some College","2. Middle Atlantic","2. Information","1. <=Good","2. No",4.43136376415899,84.0459576539924
2009,26,"1. Male","1. Never Married","1. White","4. College Grad","2. Middle Atlantic","2. Information","2. >=Very Good","1. Yes",5.07918848422867,160.643638171791